{
  "id": "4366659",
  "name": "三级项目二级页面",
  "font_family": "iconfont",
  "css_prefix_text": "icon-",
  "description": "",
  "glyphs": [
    {
      "icon_id": "101325",
      "name": "卖车",
      "font_class": "maiche1",
      "unicode": "e63a",
      "unicode_decimal": 58938
    },
    {
      "icon_id": "493429",
      "name": "计算器",
      "font_class": "jisuanqi",
      "unicode": "e79b",
      "unicode_decimal": 59291
    },
    {
      "icon_id": "579598",
      "name": "红包",
      "font_class": "hongbao",
      "unicode": "e784",
      "unicode_decimal": 59268
    },
    {
      "icon_id": "1041148",
      "name": "价格策略",
      "font_class": "iconmoban",
      "unicode": "e633",
      "unicode_decimal": 58931
    },
    {
      "icon_id": "1680675",
      "name": "附近客户",
      "font_class": "fujinkehu",
      "unicode": "e65e",
      "unicode_decimal": 58974
    },
    {
      "icon_id": "2076368",
      "name": "收藏1小",
      "font_class": "shoucangxiao",
      "unicode": "e8bc",
      "unicode_decimal": 59580
    },
    {
      "icon_id": "2674472",
      "name": "返回",
      "font_class": "fanhui",
      "unicode": "e624",
      "unicode_decimal": 58916
    },
    {
      "icon_id": "4464999",
      "name": "对比S",
      "font_class": "duibiS",
      "unicode": "e607",
      "unicode_decimal": 58887
    },
    {
      "icon_id": "5138634",
      "name": "充电器",
      "font_class": "chongdianqi",
      "unicode": "e608",
      "unicode_decimal": 58888
    },
    {
      "icon_id": "6088921",
      "name": "逾期未检",
      "font_class": "yuqiweijian",
      "unicode": "e622",
      "unicode_decimal": 58914
    },
    {
      "icon_id": "6211868",
      "name": "4-1车主",
      "font_class": "-chezhu",
      "unicode": "e609",
      "unicode_decimal": 58889
    },
    {
      "icon_id": "8634416",
      "name": "小区",
      "font_class": "xiaoqu",
      "unicode": "e60a",
      "unicode_decimal": 58890
    },
    {
      "icon_id": "10706453",
      "name": "持仓查询",
      "font_class": "chicangchaxun",
      "unicode": "e76d",
      "unicode_decimal": 59245
    },
    {
      "icon_id": "11832287",
      "name": "智能机器人",
      "font_class": "zhinengjiqiren",
      "unicode": "e73b",
      "unicode_decimal": 59195
    },
    {
      "icon_id": "14782044",
      "name": "应用-车辆检索",
      "font_class": "yingyong-cheliangjiansuo",
      "unicode": "e715",
      "unicode_decimal": 59157
    },
    {
      "icon_id": "15463266",
      "name": "图片、壁纸",
      "font_class": "tupianbizhi",
      "unicode": "e6c6",
      "unicode_decimal": 59078
    },
    {
      "icon_id": "19180576",
      "name": "二手车",
      "font_class": "ershouche",
      "unicode": "efb8",
      "unicode_decimal": 61368
    },
    {
      "icon_id": "21497140",
      "name": "自助洗车",
      "font_class": "zizhuxiche",
      "unicode": "e60d",
      "unicode_decimal": 58893
    },
    {
      "icon_id": "21786568",
      "name": "摇号",
      "font_class": "yaohao",
      "unicode": "e693",
      "unicode_decimal": 59027
    },
    {
      "icon_id": "22585946",
      "name": "1qicon2_24",
      "font_class": "a-1qicon2_24",
      "unicode": "e654",
      "unicode_decimal": 58964
    },
    {
      "icon_id": "37335497",
      "name": "车价评估",
      "font_class": "chejiapinggu",
      "unicode": "e60e",
      "unicode_decimal": 58894
    },
    {
      "icon_id": "7428",
      "name": "充值",
      "font_class": "chongzhi",
      "unicode": "e602",
      "unicode_decimal": 58882
    },
    {
      "icon_id": "201525",
      "name": "礼物 活动",
      "font_class": "liwuhuodong",
      "unicode": "e603",
      "unicode_decimal": 58883
    },
    {
      "icon_id": "446610",
      "name": "销量",
      "font_class": "xiaoliang",
      "unicode": "e61f",
      "unicode_decimal": 58911
    },
    {
      "icon_id": "577335",
      "name": "订单",
      "font_class": "dingdan",
      "unicode": "e737",
      "unicode_decimal": 59191
    },
    {
      "icon_id": "577336",
      "name": "反馈",
      "font_class": "fankui",
      "unicode": "e738",
      "unicode_decimal": 59192
    },
    {
      "icon_id": "577385",
      "name": "优惠券",
      "font_class": "youhuiquan",
      "unicode": "e764",
      "unicode_decimal": 59236
    },
    {
      "icon_id": "579741",
      "name": "用户",
      "font_class": "yonghu",
      "unicode": "e788",
      "unicode_decimal": 59272
    },
    {
      "icon_id": "784331",
      "name": "汽车",
      "font_class": "icon",
      "unicode": "e65d",
      "unicode_decimal": 58973
    },
    {
      "icon_id": "984416",
      "name": "卖车",
      "font_class": "maiche",
      "unicode": "e6e9",
      "unicode_decimal": 59113
    },
    {
      "icon_id": "1059244",
      "name": "商城",
      "font_class": "shangcheng",
      "unicode": "e67c",
      "unicode_decimal": 59004
    },
    {
      "icon_id": "1418241",
      "name": "新品",
      "font_class": "xinpin",
      "unicode": "e615",
      "unicode_decimal": 58901
    },
    {
      "icon_id": "1509092",
      "name": "subscribed",
      "font_class": "subscribed",
      "unicode": "e711",
      "unicode_decimal": 59153
    },
    {
      "icon_id": "2076192",
      "name": " 消息",
      "font_class": "xiaoxi1",
      "unicode": "e86f",
      "unicode_decimal": 59503
    },
    {
      "icon_id": "2076265",
      "name": "评论",
      "font_class": "pinglun",
      "unicode": "e891",
      "unicode_decimal": 59537
    },
    {
      "icon_id": "2076349",
      "name": "正确",
      "font_class": "zhengque",
      "unicode": "e8ad",
      "unicode_decimal": 59565
    },
    {
      "icon_id": "2506194",
      "name": "收藏",
      "font_class": "shoucang1",
      "unicode": "e632",
      "unicode_decimal": 58930
    },
    {
      "icon_id": "3389334",
      "name": "free",
      "font_class": "free",
      "unicode": "e780",
      "unicode_decimal": 59264
    },
    {
      "icon_id": "3456457",
      "name": "设置",
      "font_class": "shezhi",
      "unicode": "e70f",
      "unicode_decimal": 59151
    },
    {
      "icon_id": "3690766",
      "name": "车型查询",
      "font_class": "chexingchaxun",
      "unicode": "e630",
      "unicode_decimal": 58928
    },
    {
      "icon_id": "3731059",
      "name": "收藏",
      "font_class": "shoucang2",
      "unicode": "e639",
      "unicode_decimal": 58937
    },
    {
      "icon_id": "4517404",
      "name": "加油",
      "font_class": "jiayou",
      "unicode": "e73a",
      "unicode_decimal": 59194
    },
    {
      "icon_id": "5064092",
      "name": "扫把",
      "font_class": "saoba",
      "unicode": "e643",
      "unicode_decimal": 58947
    },
    {
      "icon_id": "5387808",
      "name": "对比_o",
      "font_class": "duibi_o",
      "unicode": "eb5e",
      "unicode_decimal": 60254
    },
    {
      "icon_id": "5603486",
      "name": "更多",
      "font_class": "gengduo",
      "unicode": "e62f",
      "unicode_decimal": 58927
    },
    {
      "icon_id": "5767876",
      "name": "消息通知",
      "font_class": "xiaoxitongzhi",
      "unicode": "ec35",
      "unicode_decimal": 60469
    },
    {
      "icon_id": "5777527",
      "name": "足迹",
      "font_class": "zuji",
      "unicode": "e631",
      "unicode_decimal": 58929
    },
    {
      "icon_id": "5961393",
      "name": "汽车",
      "font_class": "qiche",
      "unicode": "ec6d",
      "unicode_decimal": 60525
    },
    {
      "icon_id": "6337455",
      "name": "点赞",
      "font_class": "dianzan",
      "unicode": "ec7f",
      "unicode_decimal": 60543
    },
    {
      "icon_id": "6607690",
      "name": "ico_数据查询与统计_预约情况查询",
      "font_class": "ico_shujuchaxunyutongji_yuyueqingkuangchaxun",
      "unicode": "e8ff",
      "unicode_decimal": 59647
    },
    {
      "icon_id": "6776389",
      "name": "收藏",
      "font_class": "shoucang3",
      "unicode": "eca7",
      "unicode_decimal": 60583
    },
    {
      "icon_id": "9148582",
      "name": "消息",
      "font_class": "xiaoxi2",
      "unicode": "e60f",
      "unicode_decimal": 58895
    },
    {
      "icon_id": "9589368",
      "name": "成本记录",
      "font_class": "chengbenjilu",
      "unicode": "e64d",
      "unicode_decimal": 58957
    },
    {
      "icon_id": "10232749",
      "name": "查询",
      "font_class": "chaxun",
      "unicode": "e78a",
      "unicode_decimal": 59274
    },
    {
      "icon_id": "10392616",
      "name": "礼包",
      "font_class": "libao",
      "unicode": "e605",
      "unicode_decimal": 58885
    },
    {
      "icon_id": "11372647",
      "name": "创作",
      "font_class": "chuangzuo",
      "unicode": "e8ae",
      "unicode_decimal": 59566
    },
    {
      "icon_id": "11746059",
      "name": "加油枪",
      "font_class": "jiayouqiang",
      "unicode": "e604",
      "unicode_decimal": 58884
    },
    {
      "icon_id": "15112774",
      "name": "房产估值",
      "font_class": "fangchanguzhi",
      "unicode": "e614",
      "unicode_decimal": 58900
    },
    {
      "icon_id": "16322918",
      "name": "找车",
      "font_class": "zhaoche",
      "unicode": "e700",
      "unicode_decimal": 59136
    },
    {
      "icon_id": "21497130",
      "name": "购买",
      "font_class": "maichepin",
      "unicode": "e606",
      "unicode_decimal": 58886
    },
    {
      "icon_id": "21762140",
      "name": "切换车型",
      "font_class": "icon-switch",
      "unicode": "e670",
      "unicode_decimal": 58992
    },
    {
      "icon_id": "23036356",
      "name": "续航里程",
      "font_class": "xuhanglicheng",
      "unicode": "e618",
      "unicode_decimal": 58904
    },
    {
      "icon_id": "27876681",
      "name": "优惠券 卡券 多张卡券",
      "font_class": "a-youhuiquankaquanduozhangkaquan",
      "unicode": "e644",
      "unicode_decimal": 58948
    },
    {
      "icon_id": "28985356",
      "name": "账号估值",
      "font_class": "zhanghaoguzhi",
      "unicode": "e659",
      "unicode_decimal": 58969
    },
    {
      "icon_id": "2680342",
      "name": "社区",
      "font_class": "shequ",
      "unicode": "e6f9",
      "unicode_decimal": 59129
    },
    {
      "icon_id": "6476391",
      "name": "置换",
      "font_class": "zhihuan1",
      "unicode": "ec8d",
      "unicode_decimal": 60557
    },
    {
      "icon_id": "7550295",
      "name": "轿车",
      "font_class": "jiaoche",
      "unicode": "e6a0",
      "unicode_decimal": 59040
    },
    {
      "icon_id": "33661815",
      "name": "用户_用户",
      "font_class": "yonghu_yonghu",
      "unicode": "e678",
      "unicode_decimal": 59000
    },
    {
      "icon_id": "33986999",
      "name": "首页-置灰",
      "font_class": "shouye-zhihui",
      "unicode": "e61e",
      "unicode_decimal": 58910
    },
    {
      "icon_id": "1233",
      "name": "文本",
      "font_class": "wenben",
      "unicode": "e600",
      "unicode_decimal": 58880
    },
    {
      "icon_id": "145479",
      "name": "添加",
      "font_class": "tianjia",
      "unicode": "e657",
      "unicode_decimal": 58967
    },
    {
      "icon_id": "162869",
      "name": "扫码",
      "font_class": "iconfontscan",
      "unicode": "e601",
      "unicode_decimal": 58881
    },
    {
      "icon_id": "7093670",
      "name": "福袋",
      "font_class": "fudai",
      "unicode": "e71d",
      "unicode_decimal": 59165
    },
    {
      "icon_id": "11372722",
      "name": "消息",
      "font_class": "xiaoxi",
      "unicode": "e8bd",
      "unicode_decimal": 59581
    },
    {
      "icon_id": "21786557",
      "name": "加油卡",
      "font_class": "jiayouka",
      "unicode": "e690",
      "unicode_decimal": 59024
    },
    {
      "icon_id": "22781065",
      "name": "社保补贴",
      "font_class": "shebaobutie",
      "unicode": "e658",
      "unicode_decimal": 58968
    },
    {
      "icon_id": "30772378",
      "name": "全部",
      "font_class": "quanbu",
      "unicode": "e66e",
      "unicode_decimal": 58990
    },
    {
      "icon_id": "845849",
      "name": "总销量",
      "font_class": "zongxiaoliang",
      "unicode": "e67d",
      "unicode_decimal": 59005
    },
    {
      "icon_id": "933652",
      "name": "销量最高",
      "font_class": "xiaoliangzuigao",
      "unicode": "e61d",
      "unicode_decimal": 58909
    },
    {
      "icon_id": "7219137",
      "name": "收藏",
      "font_class": "shoucang",
      "unicode": "e60c",
      "unicode_decimal": 58892
    },
    {
      "icon_id": "8039391",
      "name": "置换",
      "font_class": "zhihuan",
      "unicode": "e667",
      "unicode_decimal": 58983
    },
    {
      "icon_id": "11372706",
      "name": "搜索",
      "font_class": "sousuo",
      "unicode": "e8b9",
      "unicode_decimal": 59577
    }
  ]
}
